customer_id,name,email,phone,city,join_date
CUST-10000,Bhanumati Bobal,loyalqushi@example.org,03292967677,Ajman,2026-06-19
CUST-10001,Harini Brahmbhatt,khatrijalsa@example.org,00547879319,Dubai,2024-06-24
CUST-10002,Xiti Khosla,aarav35@example.net,+918515138458,Abu Dhabi,2026-01-02
CUST-10003,Harsh Cheema,sonichampak@example.net,+913903736033,Dubai,2024-09-29
CUST-10004,Pallavi Suri,shivanivyas@example.net,08946273071,Abu Dhabi,2026-03-14
CUST-10005,Jeevika Madan,zmalhotra@example.com,7898196695,Sharjah,2024-10-19
CUST-10006,Naksh Madan,mittalvivaan@example.com,+910670534299,Abu Dhabi,2025-07-12
CUST-10007,Ethan Mutti,akshaywable@example.net,6450407009,Dubai,2026-06-16
CUST-10008,Sai Halder,sehgaldarpan@example.com,4908388198,Sharjah,2026-05-18
CUST-10009,Advaith Natarajan,qadimyadav@example.com,09244024855,Dubai,2026-04-13
CUST-10010,Chaman Palla,rattanfalan@example.net,04197430093,Dubai,2025-12-24
CUST-10011,Eta Panchal,wtata@example.net,07434647794,Dubai,2024-09-20
CUST-10012,Advay Rama,thomas30@example.net,04747504316,Ajman,2025-01-24
CUST-10013,Jeevika Dube,minhaskrishna@example.org,8453941384,Ajman,2026-03-16
CUST-10014,Atharv Kota,atwalsathvik@example.com,05705582906,Abu Dhabi,2024-12-11
CUST-10015,Ucchal Agrawal,vranganathan@example.net,2185857760,Ajman,2025-05-07
CUST-10016,Matthew Modi,lshenoy@example.com,3056342032,Abu Dhabi,2026-05-04
CUST-10017,Aadhya Wagle,madhavihayer@example.net,0940172326,Abu Dhabi,2025-10-03
CUST-10018,Aditya Palla,oshaganesan@example.org,3274907733,Dubai,2026-06-13
CUST-10019,Arin Agrawal,forumsrinivasan@example.net,+910255863178,Abu Dhabi,2026-03-28
CUST-10020,Anamika Bobal,tdivan@example.com,+912824948224,Ajman,2024-11-16
CUST-10021,Harini Lanka,parmaryashoda@example.com,0519190942,Ajman,2024-09-03
CUST-10022,Charan Zachariah,anthony31@example.net,07174424087,Ajman,2026-04-20
CUST-10023,Hemani Bhatti,kondamitali@example.com,9782896824,Ajman,2025-10-28
CUST-10024,Hema Rana,elad@example.org,+916058985107,Ajman,2025-04-02
CUST-10025,Tristan Buch,eiravati90@example.net,09809855101,Abu Dhabi,2025-03-02
CUST-10026,Abha Warrior,battaguneet@example.net,4698629382,Ajman,2025-01-10
CUST-10027,Finn Sehgal,charanirudh@example.com,9189771345,Ajman,2026-01-30
CUST-10028,Isaiah Vala,pandeyodika@example.com,06206230802,Dubai,2025-02-03
CUST-10029,Shivansh Ravi,sudikshasinha@example.com,1119228261,Ajman,2024-07-04
CUST-10030,Lopa Prabhakar,dsha@example.com,08670603787,Ajman,2025-09-29
CUST-10031,Agastya Singh,jsharaf@example.com,7975113083,Abu Dhabi,2025-10-05
CUST-10032,Netra Sani,owenbhalla@example.net,03962560827,Abu Dhabi,2024-08-31
CUST-10033,Rushil Radhakrishnan,sai11@example.net,4436355448,Abu Dhabi,2026-04-06
CUST-10034,Vidhi Gill,bhattacharyyalopa@example.net,8921261186,Dubai,2025-01-30
CUST-10035,Aishani Acharya,atharv17@example.net,5836035499,Abu Dhabi,2024-12-10
CUST-10036,Hemangini Keer,vaishnavilanka@example.com,+917990967156,Dubai,2025-07-01
CUST-10037,Oni Reddy,maanas82@example.com,+917737767470,Dubai,2025-06-29
CUST-10038,Laban Boase,joshuanath@example.net,0914489079,Sharjah,2025-08-18
CUST-10039,Anusha Sunder,xbatta@example.net,3365124904,Abu Dhabi,2025-01-01
CUST-10040,Ekanta Bhargava,solankiekansh@example.org,09628459514,Ajman,2024-06-28
CUST-10041,Falguni Shetty,nilima90@example.com,09053400882,Abu Dhabi,2026-02-23
CUST-10042,Gunbir Nayak,fariq00@example.net,04226221856,Abu Dhabi,2026-02-17
CUST-10043,Maanas Seth,rattankrishna@example.org,+914517392844,Sharjah,2026-02-08
CUST-10044,Balhaar Buch,thomaschoudhry@example.com,+919501432329,Ajman,2025-05-14
CUST-10045,Chandani Bhandari,faqid82@example.net,02690581691,Sharjah,2026-04-05
CUST-10046,Harsh Menon,dalbirbandi@example.com,8264119933,Abu Dhabi,2025-04-12
CUST-10047,Omkaar Ray,osha08@example.com,02035457345,Dubai,2025-07-05
CUST-10048,Liam Bajwa,unarasimhan@example.org,5352195798,Sharjah,2024-10-25
CUST-10049,Thomas Brahmbhatt,neha75@example.org,4158783898,Ajman,2025-08-21
CUST-10050,Harinakshi Doshi,rmammen@example.net,5654561488,Ajman,2025-04-14
CUST-10051,Guneet Sangha,upasnaraj@example.com,+914337021326,Abu Dhabi,2024-09-19
CUST-10052,Girish Khatri,kai46@example.com,+911501604453,Sharjah,2026-01-29
CUST-10053,Simon Bawa,sachdevaleena@example.org,+914391162270,Sharjah,2024-12-27
CUST-10054,Pahal Mand,chaturadhingra@example.net,+915068616837,Ajman,2025-12-13
CUST-10055,Manya Pant,vasatikajayaraman@example.net,08067629890,Sharjah,2024-11-11
CUST-10056,Urvi Kaur,veer00@example.org,+911620688668,Ajman,2024-08-26
CUST-10057,Hritik Oza,warinder41@example.org,01427744217,Dubai,2025-12-18
CUST-10058,Vedhika Sandhu,vanya77@example.com,0436044397,Abu Dhabi,2026-04-21
CUST-10059,Krishna Deep,qdeol@example.net,+915749732974,Dubai,2024-07-15
CUST-10060,Amol Narayanan,msharma@example.net,4817466268,Ajman,2026-02-13
CUST-10061,Waida Vyas,advaithlala@example.org,8123795176,Abu Dhabi,2025-11-06
CUST-10062,Victor Toor,joshua89@example.org,07320695320,Abu Dhabi,2025-12-28
CUST-10063,Mekhala Grewal,tatavarenya@example.com,+911105831851,Ajman,2026-02-16
CUST-10064,Kashish Deep,sachikhatri@example.net,9718713361,Abu Dhabi,2026-03-23
CUST-10065,Vyanjana Dubey,rajagopalganga@example.com,04230275114,Ajman,2025-05-21
CUST-10066,Barkha Khanna,zinalsaha@example.org,+911917218448,Dubai,2024-12-15
CUST-10067,Arunima Toor,mangatkrishna@example.org,+915377737621,Abu Dhabi,2025-12-05
CUST-10068,Rajata Swamy,kritikadeep@example.net,+914660937246,Sharjah,2026-02-05
CUST-10069,Vedhika Rege,achaudhary@example.org,+911930458587,Dubai,2025-10-09
CUST-10070,Saumya Sachar,rattanbaljiwan@example.org,06624551497,Ajman,2025-04-15
CUST-10071,Harish Dugal,tatakalpit@example.net,08627377543,Sharjah,2024-11-21
CUST-10072,Meera Khurana,pjhaveri@example.com,+915736678120,Abu Dhabi,2026-04-15
CUST-10073,Advaith Krishnamurthy,doctorkavya@example.org,2395425971,Sharjah,2025-05-16
CUST-10074,Yamini Sanghvi,mohanbalvan@example.net,7722067487,Sharjah,2025-11-25
CUST-10075,Nakul Yadav,adhingra@example.org,+912839818859,Abu Dhabi,2026-01-11
CUST-10076,Ekansh Sood,kalitapavani@example.org,08188467663,Abu Dhabi,2025-05-30
CUST-10077,Nicholas Bath,hsahota@example.org,05587216415,Ajman,2025-06-14
CUST-10078,Max Sodhi,nikitaperi@example.org,02190528765,Ajman,2025-07-22
CUST-10079,Onveer Anand,qsangha@example.net,+913137074973,Sharjah,2025-05-15
CUST-10080,Imaran Ahluwalia,saksham91@example.com,07722522620,Ajman,2025-08-01
CUST-10081,Ekapad Sem,jaimadan@example.com,8886841802,Ajman,2025-08-31
CUST-10082,Ladli Gala,jalsa35@example.org,+918492046119,Sharjah,2025-12-30
CUST-10083,Raagini Rao,wriddhish53@example.com,+919011493196,Sharjah,2024-09-27
CUST-10084,Zayan Mittal,nitara01@example.com,+913749277348,Ajman,2025-03-28
CUST-10085,Gauri Dey,xsem@example.net,04382239169,Dubai,2024-11-22
CUST-10086,Siya Comar,ira17@example.org,0597814393,Ajman,2024-10-03
CUST-10087,Benjamin Bava,bparekh@example.org,1692703287,Dubai,2025-03-06
CUST-10088,Dhruv Magar,lakshbala@example.com,08493185735,Ajman,2025-12-27
CUST-10089,Rajeshri Kar,owensoman@example.net,+916568375602,Ajman,2026-05-01
CUST-10090,Tara Suresh,koommen@example.com,+911404309095,Dubai,2024-11-15
CUST-10091,Qabil Mukherjee,mkala@example.org,+917697855577,Ajman,2026-04-10
CUST-10092,Rayaan Venkataraman,abhimanyu90@example.net,+918323195717,Dubai,2024-12-14
CUST-10093,Arin Dua,mmani@example.org,5487204200,Abu Dhabi,2025-01-08
CUST-10094,Amol Ganguly,pshroff@example.org,07570632773,Ajman,2025-01-13
CUST-10095,Oscar Rattan,aarnaranganathan@example.com,9701784536,Dubai,2024-07-02
CUST-10096,Rajata Lala,zkalla@example.com,04310105548,Ajman,2024-06-23
CUST-10097,Waida Kunda,yastibhakta@example.org,01230185903,Sharjah,2025-05-15
CUST-10098,Mohammed Mittal,tripti52@example.com,+914366481723,Dubai,2025-09-10
CUST-10099,Vidhi Narang,ranveer57@example.com,1725474618,Dubai,2025-06-15
CUST-10100,Caleb Bawa,tanmayi00@example.com,+917009893805,Ajman,2024-11-26
CUST-10101,Azad Goda,uparsa@example.org,01420897969,Ajman,2025-12-10
CUST-10102,Triveni Kalla,charfariq@example.net,7309624519,Ajman,2024-12-30
CUST-10103,Ethan Sarma,nikita96@example.com,7204445590,Abu Dhabi,2026-06-19
CUST-10104,Laksh Mody,karan84@example.net,06487690251,Abu Dhabi,2024-10-30
CUST-10105,Hardik Kulkarni,dchandran@example.org,07176729070,Ajman,2025-06-14
CUST-10106,Indira Bose,gaurikalal@example.com,7863224681,Sharjah,2025-06-13
CUST-10107,Chandresh Wali,minhaskalpit@example.org,00606212678,Abu Dhabi,2024-09-10
CUST-10108,Netra Pandey,abora@example.com,+911146364093,Dubai,2025-06-28
CUST-10109,Qarin Nayak,katachaitanya@example.com,+913477399884,Ajman,2026-05-11
CUST-10110,Yuvraj Gandhi,zmohan@example.net,08300898777,Dubai,2025-11-20
CUST-10111,Shivani Loke,kbajwa@example.com,8440347507,Dubai,2025-05-04
CUST-10112,Christopher Patla,jason09@example.com,4636382788,Dubai,2026-05-19
CUST-10113,Omaja Bala,sinhavansha@example.com,01560895477,Abu Dhabi,2025-12-11
CUST-10114,Bishakha Ravi,victor13@example.org,07706111230,Dubai,2025-08-07
CUST-10115,Neha Goyal,qgolla@example.org,+910275846353,Sharjah,2025-12-23
CUST-10116,Theodore Oommen,janujakuruvilla@example.com,+917466899260,Sharjah,2026-02-24
CUST-10117,Hardik Mall,kkoshy@example.com,+919088874652,Ajman,2025-07-21
CUST-10118,Gaurika Murthy,tellaaishani@example.com,7836993071,Dubai,2024-10-28
CUST-10119,Darsh Randhawa,oeshianand@example.com,05544118031,Sharjah,2025-12-28
CUST-10120,Owen Kar,cramachandran@example.org,06176066655,Abu Dhabi,2025-01-14
CUST-10121,Chatresh Dada,fkapadia@example.com,09050118217,Dubai,2025-12-14
CUST-10122,Chameli Vala,qloke@example.org,04999578506,Ajman,2025-09-29
CUST-10123,Harrison Bajaj,nidrakarnik@example.org,2298429264,Ajman,2024-10-18
CUST-10124,Nandini Nazareth,chatura65@example.net,6256076029,Dubai,2024-10-21
CUST-10125,Januja Seshadri,kalaeesha@example.net,00770347158,Sharjah,2025-09-25
CUST-10126,Ekalinga Barad,gabriel05@example.com,3688057942,Dubai,2025-08-21
CUST-10127,Akshay Gupta,abhiramgarg@example.com,08165509733,Abu Dhabi,2025-09-09
CUST-10128,Zarna Rao,nihalben@example.org,4645389882,Sharjah,2025-12-12
CUST-10129,Urvi Kade,padmanabhanyachana@example.com,09891452479,Dubai,2025-08-28
CUST-10130,David Bakshi,zwarrior@example.com,+911821928102,Sharjah,2025-04-30
CUST-10131,Farhan Jhaveri,ngala@example.net,06328767055,Dubai,2025-03-21
CUST-10132,Advaith Patel,knarayanan@example.com,00757159611,Abu Dhabi,2026-01-08
CUST-10133,Rajata Dugar,andravictor@example.net,03667133369,Dubai,2024-09-02
CUST-10134,Vamakshi Rama,sanghaonveer@example.com,9739812604,Ajman,2025-06-15
CUST-10135,Rishi Singhal,sonimatthew@example.net,0646510489,Abu Dhabi,2025-05-20
CUST-10136,Vrinda Mander,varkeyraghav@example.com,09209536603,Abu Dhabi,2025-11-17
CUST-10137,Gautami Bala,chahalmekhala@example.net,02197953899,Ajman,2025-11-11
CUST-10138,Yashawini Prakash,jsankar@example.org,0667547181,Sharjah,2024-11-15
CUST-10139,Krishna Chanda,hroy@example.net,06115191421,Dubai,2025-01-18
CUST-10140,Widisha Dhawan,calebaggarwal@example.com,05786114880,Sharjah,2025-10-06
CUST-10141,Chandran Grover,wridesh72@example.org,+918177416750,Ajman,2026-04-06
CUST-10142,Prisha Iyer,nathan46@example.org,+913027797458,Dubai,2025-08-07
CUST-10143,Indali Bahri,pahal34@example.com,+917394245544,Sharjah,2024-11-05
CUST-10144,Jagat Dewan,yashica71@example.com,08953384098,Abu Dhabi,2025-12-19
CUST-10145,Anay Mand,balhaarvora@example.com,+917556051174,Sharjah,2024-06-26
CUST-10146,Wridesh Yohannan,seshadriirya@example.org,3439389467,Abu Dhabi,2026-01-23
CUST-10147,Upkaar Sastry,khuranaisaac@example.net,07109395682,Abu Dhabi,2024-11-11
CUST-10148,Advika Borra,grewalnimrat@example.com,+916321028363,Dubai,2026-02-23
CUST-10149,Ayaan Bobal,ekbal26@example.org,3460490962,Ajman,2024-12-24
CUST-10150,Xalak Chakraborty,bjohal@example.net,03331271784,Dubai,2026-04-10
CUST-10151,Diya Randhawa,godabalvan@example.org,4952194218,Dubai,2025-03-04
CUST-10152,Bina Jani,yug72@example.org,08494380352,Ajman,2024-10-30
CUST-10153,Rohan Mand,janihemangini@example.org,06761184748,Sharjah,2026-05-04
CUST-10154,Urvi Sethi,galazaid@example.com,2148837689,Ajman,2024-08-07
CUST-10155,Rushil Parmer,chandresh96@example.com,+919068671823,Ajman,2025-01-01
CUST-10156,Yahvi Bora,narayananaarini@example.com,04642349924,Ajman,2025-08-24
CUST-10157,Gunbir Thaker,mason20@example.net,3599691252,Ajman,2025-10-15
CUST-10158,Kamala Doctor,rmanne@example.com,04751565664,Dubai,2024-11-28
CUST-10159,Chameli Date,sathesamuel@example.com,7527053502,Abu Dhabi,2025-08-10
CUST-10160,Mugdha Dora,aradhanamann@example.net,7435307849,Abu Dhabi,2025-10-28
CUST-10161,Vritti Mukhopadhyay,aarav00@example.org,7707129153,Ajman,2025-10-19
CUST-10162,Geetika Lal,maanavparmar@example.com,4967698630,Dubai,2024-06-27
CUST-10163,Nakul Nadkarni,praneel19@example.com,0110860643,Dubai,2025-01-09
CUST-10164,Dalbir Zachariah,arinkhalsa@example.net,04667986099,Ajman,2025-05-20
CUST-10165,Maanav Verma,sunderbalvan@example.net,+911988038356,Dubai,2025-08-06
CUST-10166,Madhavi Babu,mannandavid@example.net,02921415252,Ajman,2026-06-05
CUST-10167,Fiyaz Brahmbhatt,devanria@example.org,01665741126,Abu Dhabi,2026-05-27
CUST-10168,Yashasvi Arya,guneethegde@example.org,06534690822,Abu Dhabi,2025-10-30
CUST-10169,Nachiket Vig,jasmit52@example.org,6880139237,Dubai,2025-10-12
CUST-10170,Hritik Mallick,bina97@example.net,1890403480,Sharjah,2024-09-16
CUST-10171,Vrishti Roy,ishanibaria@example.com,5966595551,Dubai,2025-10-30
CUST-10172,Kritika Cherian,ramanadya@example.org,+913554662517,Dubai,2025-11-08
CUST-10173,Raksha Gandhi,hghosh@example.com,06938455959,Ajman,2025-04-16
CUST-10174,Vivaan Madan,ivyas@example.net,+914223769994,Abu Dhabi,2026-04-06
CUST-10175,Daksha Mohan,puriekbal@example.org,04207664856,Sharjah,2024-08-16
CUST-10176,Chakrika Mukherjee,dominiclalla@example.com,+918274865042,Ajman,2025-11-19
CUST-10177,Reva Bahl,rramaswamy@example.net,08873303328,Abu Dhabi,2026-06-18
CUST-10178,Ayaan Mallick,yutika07@example.net,+910646382843,Ajman,2024-09-05
CUST-10179,Aadhya Behl,qvarkey@example.net,+912379459231,Abu Dhabi,2025-09-28
CUST-10180,Oscar Kashyap,deylopa@example.org,+919664897984,Abu Dhabi,2025-11-06
CUST-10181,Zayyan Parekh,wardapandey@example.com,5516900243,Abu Dhabi,2025-06-28
CUST-10182,Amara Kar,tmukhopadhyay@example.com,02739131411,Sharjah,2024-08-06
CUST-10183,Ryan Basak,saibala@example.net,+913732161731,Abu Dhabi,2025-08-26
CUST-10184,Janaki Kaul,kavyaben@example.net,+918174125459,Dubai,2025-08-26
CUST-10185,Urmi Dugal,kai79@example.com,+917879070774,Sharjah,2026-01-03
CUST-10186,Patrick Yogi,tswaminathan@example.org,5852665979,Abu Dhabi,2026-04-01
CUST-10187,Andrew Misra,labandugal@example.org,8309196029,Dubai,2025-12-05
CUST-10188,Sachi Bakshi,subramaniamqushi@example.org,+911784580438,Abu Dhabi,2026-05-27
CUST-10189,Peter Sodhi,seshadripallavi@example.com,+911682552202,Sharjah,2025-04-14
CUST-10190,Dalaja Pant,usami@example.com,8898803262,Ajman,2025-01-17
CUST-10191,Omisha Dasgupta,mason25@example.com,+910672000025,Abu Dhabi,2024-07-06
CUST-10192,Praneel Ravel,ojasvideshpande@example.com,8377555324,Abu Dhabi,2025-09-27
CUST-10193,Ekta Chhabra,forumnanda@example.net,3694303848,Sharjah,2025-03-25
CUST-10194,Ekalinga Acharya,charan43@example.com,0282546213,Dubai,2024-12-30
CUST-10195,Eesha Ramesh,nandinipatla@example.org,03909809447,Abu Dhabi,2024-12-24
CUST-10196,Vaishnavi Nagy,kchowdhury@example.net,3614410233,Dubai,2024-07-06
CUST-10197,Bachittar Bobal,leenamahal@example.com,+917409699426,Dubai,2025-03-03
CUST-10198,Harinakshi Salvi,andrewranganathan@example.com,+916914897903,Ajman,2026-04-02
CUST-10199,Dayamai Raja,rastogikashvi@example.org,0580079773,Dubai,2024-08-02
CUST-10200,Warhi Chahal,chawlachakradhar@example.org,+910697600246,Ajman,2025-07-07
CUST-10201,Idika Ahuja,aahana55@example.com,+912950187973,Dubai,2025-03-16
CUST-10202,Laban Oommen,muppal@example.org,+914499073967,Ajman,2026-05-13
CUST-10203,Zaitra Batta,pallgunbir@example.net,04821604034,Dubai,2025-05-31
CUST-10204,Chanchal Mital,dgopal@example.org,+910101763924,Dubai,2025-07-09
CUST-10205,Chakradhar Rai,maya89@example.com,00682696382,Sharjah,2025-02-18
CUST-10206,Abhiram Chhabra,palxiti@example.net,04293104902,Ajman,2025-09-12
CUST-10207,Faqid Lall,yadavwatika@example.net,8112694929,Ajman,2026-03-12
CUST-10208,Jagrati Sodhi,ssarin@example.net,1391536771,Abu Dhabi,2025-05-13
CUST-10209,Brinda Parmer,kuruvillaqarin@example.net,06379838407,Dubai,2024-08-21
CUST-10210,Priya Prabhakar,chandafalan@example.org,01198845922,Abu Dhabi,2025-12-22
CUST-10211,Warhi Varma,manidamini@example.net,+914345376624,Sharjah,2025-10-04
CUST-10212,Maanav Chaudhary,ptak@example.net,7792269172,Ajman,2025-02-03
CUST-10213,Rachana Narula,udant41@example.com,09573364260,Ajman,2025-10-11
CUST-10214,Rachana Sundaram,gmahal@example.org,+913294403270,Sharjah,2026-05-12
CUST-10215,Anika Baria,azaan39@example.org,+913047514757,Abu Dhabi,2026-03-06
CUST-10216,Banjeet Wagle,xsodhi@example.org,5704535089,Ajman,2025-12-03
CUST-10217,Raghav Sathe,arorawarinder@example.net,09264953811,Abu Dhabi,2025-06-29
CUST-10218,Lavanya Kumer,champak21@example.net,5838801196,Ajman,2024-08-11
CUST-10219,Azaan Murty,ucchalsarraf@example.net,+912025625880,Ajman,2024-11-10
CUST-10220,Tanish Bahri,wjhaveri@example.com,8276862250,Abu Dhabi,2025-04-17
CUST-10221,Harita Chaudhry,gaurang94@example.org,06209722372,Dubai,2025-07-30
CUST-10222,Simon Mand,geetikapandya@example.com,+915501624963,Sharjah,2026-02-08
CUST-10223,Aarini Kuruvilla,aahanachar@example.net,07096090913,Ajman,2025-01-16
CUST-10224,Aarav Zacharia,blad@example.com,+917823996824,Sharjah,2026-04-07
CUST-10225,Shravya Mammen,kranganathan@example.net,2966916588,Ajman,2024-09-07
CUST-10226,Ijaya Ramakrishnan,gautamisani@example.org,2488325373,Sharjah,2024-11-14
CUST-10227,Upkaar Tara,gsharaf@example.org,07857262169,Ajman,2026-06-19
CUST-10228,Baghyawati Baria,radharout@example.org,+912190489548,Sharjah,2025-06-21
CUST-10229,Harini Ray,chandekanta@example.com,02261176908,Dubai,2025-06-01
CUST-10230,Rehaan Chand,turvi18@example.com,5870824197,Abu Dhabi,2025-01-31
CUST-10231,Ucchal Khanna,vkrishnan@example.com,7304504262,Dubai,2024-10-13
CUST-10232,Chatura Rajagopalan,nayakfalan@example.com,9322701822,Dubai,2024-10-28
CUST-10233,Indali Bal,zgoel@example.net,05769932825,Abu Dhabi,2024-10-28
CUST-10234,Qadim Choudhry,sagarvyanjana@example.com,04909218866,Dubai,2025-09-09
CUST-10235,Upasna Sawhney,aahana15@example.net,8040360079,Abu Dhabi,2024-12-28
CUST-10236,Zilmil Mody,gbaral@example.org,+919749223634,Abu Dhabi,2024-09-15
CUST-10237,Naksh Sandhu,bhavsarmohammed@example.com,1903285262,Abu Dhabi,2025-04-29
CUST-10238,Bakhshi Ratta,yashoda67@example.net,2966331522,Ajman,2025-05-06
CUST-10239,Jagat Nath,anmol02@example.org,2527029943,Ajman,2025-10-18
CUST-10240,Upasna Gola,ahujaomya@example.org,5848196611,Dubai,2026-06-11
CUST-10241,Ekapad Hegde,agateavi@example.org,+913657017035,Abu Dhabi,2026-03-15
CUST-10242,Fitan Bala,yroy@example.net,4520310862,Abu Dhabi,2025-06-15
CUST-10243,Yachana Chana,abdulsandal@example.org,+918409388036,Ajman,2025-01-04
CUST-10244,Lopa Wadhwa,barkha79@example.net,07354694698,Ajman,2025-04-14
CUST-10245,Omisha Arora,jhalakagate@example.org,08898388600,Dubai,2024-07-28
CUST-10246,Benjamin Sant,tatadamyanti@example.com,+915890561151,Sharjah,2024-08-08
CUST-10247,Devansh Ramaswamy,wyattkale@example.org,+919468690855,Ajman,2025-09-29
CUST-10248,Anya Som,regeorinder@example.net,+912812458051,Sharjah,2024-09-02
CUST-10249,Darsh Saraf,snehavenkatesh@example.org,01334625855,Sharjah,2025-08-09
CUST-10250,Vansha Madan,prashadbhavya@example.net,+911052562916,Abu Dhabi,2025-04-23
CUST-10251,Manthan Sani,routyashvi@example.com,5986649579,Ajman,2024-10-28
CUST-10252,Manan Dalal,theodorekalita@example.com,1530043190,Abu Dhabi,2025-11-17
CUST-10253,Bachittar Sawhney,ebandi@example.org,+916266177922,Sharjah,2024-10-14
CUST-10254,Jason Borde,agastya24@example.org,+916654119247,Ajman,2025-05-23
CUST-10255,Victor Bhalla,anushachaudhari@example.com,01032880848,Sharjah,2025-07-27
CUST-10256,Ayaan Gola,kannanradha@example.net,+910235689390,Abu Dhabi,2026-05-10
CUST-10257,Ganga Dube,vandra@example.net,+916095596053,Abu Dhabi,2025-09-01
CUST-10258,Sathvik Bumb,bhavikawable@example.net,06415253765,Abu Dhabi,2026-03-02
CUST-10259,Faris Ahluwalia,ekantikasinha@example.com,06963875522,Sharjah,2025-08-22
CUST-10260,Rachit Bhatti,chauhanqabil@example.net,02990812740,Sharjah,2024-09-30
CUST-10261,Utkarsh Dada,vgolla@example.net,+911722326755,Ajman,2025-11-24
CUST-10262,Advik Vohra,tsule@example.org,02905221202,Ajman,2025-04-20
CUST-10263,Ayaan Wali,leelachand@example.net,01418067183,Sharjah,2024-10-20
CUST-10264,Yasti Bava,koshyojas@example.com,+919062012538,Abu Dhabi,2025-11-13
CUST-10265,Pallavi Bhatti,tgill@example.com,9966308703,Ajman,2025-03-24
CUST-10266,Vincent Verma,nandaleela@example.net,9142989331,Dubai,2025-02-14
CUST-10267,Chakrika Mohan,saksham06@example.org,1203589863,Dubai,2024-06-24
CUST-10268,Brijesh Korpal,atwalaryan@example.com,+915589845060,Ajman,2025-10-05
CUST-10269,George Patla,bhavnasandal@example.com,02037349033,Sharjah,2024-08-28
CUST-10270,Nakul Rout,chasmum33@example.com,+917238158933,Dubai,2025-05-24
CUST-10271,Idika Virk,bkala@example.org,01981486321,Sharjah,2025-03-28
CUST-10272,Viraj Garg,wakeeta43@example.org,5422441293,Sharjah,2025-09-21
CUST-10273,Bhavna Nigam,bhatnagardevansh@example.org,+913044425649,Abu Dhabi,2025-08-10
CUST-10274,Frederick Gokhale,sdate@example.net,07189960908,Ajman,2025-07-25
CUST-10275,Lohit Zacharia,csha@example.net,05904842111,Abu Dhabi,2025-09-15
CUST-10276,Kai Pandya,chakrabortywatika@example.net,+919458726625,Sharjah,2025-03-03
CUST-10277,Isha Parsa,jacksonvenkatesh@example.com,03842123363,Abu Dhabi,2024-07-12
CUST-10278,Varsha Balasubramanian,caleb19@example.net,9704586315,Ajman,2025-03-28
CUST-10279,Harish Lal,zbarad@example.com,07721782300,Abu Dhabi,2026-05-09
CUST-10280,Chaaya Om,amrutabrar@example.net,+919977191452,Dubai,2025-05-23
CUST-10281,Shivansh Banik,amol53@example.net,04221559756,Sharjah,2026-01-05
CUST-10282,Ladli Gill,comarpushti@example.org,07486392942,Ajman,2025-08-22
CUST-10283,Yashasvi Ramaswamy,kundamatthew@example.com,+917181754812,Sharjah,2025-10-13
CUST-10284,Yash Karan,tpau@example.net,02882316130,Dubai,2024-11-30
CUST-10285,Zilmil Soni,jai65@example.net,06586865900,Dubai,2026-02-16
CUST-10286,Krishna Ranganathan,oommenmatthew@example.net,+911740650880,Dubai,2025-05-31
CUST-10287,Devika Bir,aachal55@example.net,5449734088,Dubai,2026-05-30
CUST-10288,Advik Choudhury,wdeshpande@example.net,07815014701,Sharjah,2026-02-08
CUST-10289,Urishilla Mannan,alka99@example.net,+917040129157,Abu Dhabi,2025-01-23
CUST-10290,Samar Ghose,sarmasara@example.net,+919814569009,Abu Dhabi,2024-12-21
CUST-10291,Jatin Nagy,upasnamajumdar@example.org,+915123209726,Ajman,2024-12-19
CUST-10292,Bhavani Tiwari,balhaarchaudhari@example.org,3258307504,Abu Dhabi,2026-05-06
CUST-10293,Omaja Dugal,tejasbarad@example.net,0502249533,Sharjah,2025-05-11
CUST-10294,Viraj Kapoor,pbandi@example.com,04089742261,Sharjah,2025-12-13
CUST-10295,Tanveer Sagar,dateqabil@example.net,04483634635,Ajman,2024-09-27
CUST-10296,Kamala Batra,ipuri@example.net,+919283537528,Ajman,2024-10-29
CUST-10297,Vanya Bhagat,kumarzaid@example.org,00960870427,Dubai,2024-08-14
CUST-10298,Parth Gopal,imaranpatla@example.com,04790728843,Abu Dhabi,2026-01-10
CUST-10299,Anya Chhabra,aadhya81@example.com,08146414603,Dubai,2024-08-29
CUST-10300,Nihal Bala,kundabrijesh@example.com,5968255477,Dubai,2025-01-12
CUST-10301,Ridhi Ratti,omyacomar@example.net,6054524753,Dubai,2026-02-13
CUST-10302,Ekanta Pillai,duttaindira@example.org,1408939684,Ajman,2025-04-24
CUST-10303,Veer Johal,pillaijason@example.com,3186000654,Abu Dhabi,2025-11-02
CUST-10304,Noah Upadhyay,pdoshi@example.net,+911592421924,Sharjah,2025-10-25
CUST-10305,Warda Kale,qpant@example.net,+912931681208,Abu Dhabi,2024-08-08
CUST-10306,Vidhi Balan,pahalpalla@example.net,+913238693826,Dubai,2026-01-11
CUST-10307,Keya Subramanian,maharajurvi@example.com,09509078424,Abu Dhabi,2025-09-23
CUST-10308,Avi Balan,patrick82@example.com,8165938486,Sharjah,2024-12-20
CUST-10309,Avi Chawla,vguha@example.org,07748672317,Ajman,2025-10-06
CUST-10310,Arya Srivastava,yogichavvi@example.net,08198115153,Dubai,2025-07-09
CUST-10311,Shivansh Maharaj,parsalekha@example.com,05843866323,Abu Dhabi,2025-01-28
CUST-10312,Oni Walla,balvan39@example.org,1533254483,Dubai,2024-07-25
CUST-10313,Daksha Som,ridhi28@example.org,07256836912,Sharjah,2025-12-30
CUST-10314,Ansh More,jbahri@example.org,06667298591,Dubai,2025-01-19
CUST-10315,Gagan Atwal,samar70@example.org,6888003809,Ajman,2024-10-31
CUST-10316,Tarak Sathe,matthew85@example.net,06252945992,Abu Dhabi,2025-04-24
CUST-10317,Simon Gole,wmanne@example.net,9786396700,Dubai,2024-07-12
CUST-10318,Vritti Sidhu,meera71@example.net,7629563778,Abu Dhabi,2025-09-13
CUST-10319,Theodore Sodhi,jacob41@example.net,+916216038293,Sharjah,2025-06-17
CUST-10320,Amruta Naik,vargheseanusha@example.org,+913728575443,Dubai,2025-03-07
CUST-10321,Yagnesh Deep,xsethi@example.com,+915113678932,Sharjah,2025-06-11
CUST-10322,Lohit Devi,smore@example.com,5599391470,Abu Dhabi,2024-07-29
CUST-10323,Dipta Mander,yboase@example.org,+910783564745,Sharjah,2024-08-13
CUST-10324,Gaurav Shanker,raagini27@example.net,4701789110,Abu Dhabi,2026-05-26
CUST-10325,Yahvi Radhakrishnan,mahajannaksh@example.net,7862198665,Abu Dhabi,2024-11-23
CUST-10326,Vasudha Gopal,ranbir85@example.com,+916754123392,Dubai,2025-07-15
CUST-10327,Diya Lal,janaki78@example.com,+919045973340,Ajman,2025-06-22
CUST-10328,Sarthak Loke,zashil95@example.net,+919601381576,Dubai,2024-10-08
CUST-10329,Gaurika Dayal,nadignachiket@example.org,1793603545,Sharjah,2024-06-30
CUST-10330,Qabil Sampath,tarakbrar@example.net,2494844408,Abu Dhabi,2025-10-08
CUST-10331,Ayush Jaggi,pbuch@example.org,01120971763,Dubai,2025-03-22
CUST-10332,Jasmit Ganguly,sachdevaaryan@example.net,+919566070850,Dubai,2025-03-14
CUST-10333,Parth Mitra,vrittichoudhury@example.net,9764505214,Dubai,2025-09-01
CUST-10334,Qushi Bobal,eupadhyay@example.org,9538096985,Abu Dhabi,2025-11-26
CUST-10335,Fitan Dugal,hdhaliwal@example.net,+916493552966,Sharjah,2025-06-04
CUST-10336,Sachi Ahuja,jai91@example.com,2248458962,Sharjah,2024-07-05
CUST-10337,Devansh Memon,devialexander@example.org,01682204773,Dubai,2026-04-12
CUST-10338,Ishani Sagar,jacobkhurana@example.net,03717258376,Sharjah,2024-10-11
CUST-10339,Anika Chawla,pillayvedant@example.org,+919046379711,Ajman,2025-04-13
CUST-10340,Urmi Panchal,sabharwalzilmil@example.org,03646938527,Sharjah,2025-03-06
CUST-10341,Gaurangi Lalla,koshyhiral@example.org,+912263582487,Sharjah,2025-10-19
CUST-10342,Anthony Misra,saanviperi@example.com,5834112088,Ajman,2026-02-14
CUST-10343,Anjali Ghosh,bhargavadavid@example.net,5088494982,Dubai,2026-05-29
CUST-10344,Dayamai Shenoy,xmann@example.com,+915706771159,Abu Dhabi,2025-12-21
CUST-10345,Gopal Chaudhary,maanas13@example.com,01891600770,Abu Dhabi,2024-07-25
CUST-10346,Gagan Bains,routdivya@example.org,9991294392,Dubai,2025-07-05
CUST-10347,Nathaniel Krishnan,gabriel26@example.org,01904251654,Sharjah,2025-11-18
CUST-10348,Meera Madan,mistrykala@example.com,+917047352127,Abu Dhabi,2025-01-18
CUST-10349,Atharv Bahl,abrahmbhatt@example.com,7040655395,Dubai,2026-02-20
CUST-10350,Raksha Shan,amruta45@example.com,06129481646,Abu Dhabi,2025-11-23
CUST-10351,Jagrati Nigam,nikita66@example.com,+916142533688,Dubai,2026-02-12
CUST-10352,Bakhshi Raval,gangachawla@example.org,03982078126,Dubai,2025-01-03
CUST-10353,Vedhika Bajaj,chandoscar@example.com,07054938434,Abu Dhabi,2024-10-16
CUST-10354,Diya Parikh,kaiagate@example.org,07652342241,Dubai,2024-10-18
CUST-10355,Advika Sant,dadazayyan@example.com,+912943924751,Dubai,2025-06-27
CUST-10356,Oliver Warrior,ishanvikhare@example.com,09223158971,Sharjah,2024-08-07
CUST-10357,Neel Mutti,bobalfaras@example.org,4954696662,Dubai,2024-06-25
CUST-10358,Reyansh Verma,sibalutkarsh@example.org,+914199846242,Sharjah,2024-08-21
CUST-10359,Chandran Zachariah,bansalshivansh@example.org,+919744999758,Dubai,2025-03-17
CUST-10360,Nachiket Raja,andraharini@example.org,+913006708596,Abu Dhabi,2024-11-12
CUST-10361,Wyatt Karan,rudra74@example.org,3871152992,Sharjah,2024-07-02
CUST-10362,Nakul Batta,bassibina@example.com,5953334717,Abu Dhabi,2024-11-04
CUST-10363,Naksh Ratti,dhawanvrishti@example.org,+913106029111,Dubai,2025-01-31
CUST-10364,Ridhi Sandhu,radhakrishnanbhanumati@example.org,+915296372874,Abu Dhabi,2024-11-19
CUST-10365,Qabil Savant,dkant@example.org,6992751644,Sharjah,2025-08-12
CUST-10366,Sathvik Sachdev,ansh25@example.com,09411786252,Dubai,2025-02-26
CUST-10367,Barkha Sinha,nattmekhala@example.org,1128033995,Sharjah,2025-12-23
CUST-10368,Warinder Mammen,dalbir13@example.net,+916881709711,Sharjah,2025-05-09
CUST-10369,Anya Naik,jagdish33@example.com,+912169383040,Sharjah,2025-05-31
CUST-10370,Girik Parikh,nitarasami@example.org,05319530781,Sharjah,2025-03-10
CUST-10371,Kala Sabharwal,deolgayathri@example.net,2446656242,Dubai,2024-11-26
CUST-10372,Anya Tiwari,sarthaksane@example.net,08689929580,Abu Dhabi,2025-02-27
CUST-10373,Sathvik Date,nathanielmutti@example.org,+915950146084,Dubai,2025-10-30
CUST-10374,Yahvi Behl,waliharinakshi@example.com,6081692403,Dubai,2024-11-18
CUST-10375,Yashvi Jayaraman,christopher88@example.com,04908740127,Dubai,2024-07-06
CUST-10376,Zehaan Comar,wridesh08@example.net,05234175061,Sharjah,2024-11-07
CUST-10377,Bahadurjit Sama,ychaudhry@example.org,+912336846283,Dubai,2025-08-08
CUST-10378,Isha Mani,ladli11@example.org,+917593361507,Abu Dhabi,2025-11-06
CUST-10379,Jagrati Gour,zarna03@example.org,08828880396,Dubai,2025-07-06
CUST-10380,Kashish Karpe,kuruvilladaksh@example.com,8512037043,Ajman,2024-08-02
CUST-10381,Gayathri Savant,rehaanjani@example.com,08020675462,Abu Dhabi,2025-07-04
CUST-10382,Orinder Solanki,guneetchauhan@example.com,05590495502,Sharjah,2025-09-22
CUST-10383,Sai Pillay,sathesaanvi@example.com,+914531317919,Ajman,2025-01-25
CUST-10384,Priya Madan,aadhya49@example.com,3919273504,Sharjah,2025-03-17
CUST-10385,Barkha Peri,mugdhadora@example.net,+912444297327,Sharjah,2026-05-13
CUST-10386,Kabir Boase,girindrapalla@example.net,01784597505,Sharjah,2025-11-08
CUST-10387,Lohit Vasa,warinder84@example.org,00501468554,Ajman,2025-04-04
CUST-10388,Nimrat Zachariah,waglevarenya@example.org,+914657732581,Dubai,2026-05-08
CUST-10389,Vasatika Barad,loyallaksh@example.com,+911064173771,Dubai,2025-12-21
CUST-10390,Reyansh Tandon,umang31@example.org,9812806187,Dubai,2024-07-25
CUST-10391,Faraj Dugar,matthewkar@example.net,09962794124,Abu Dhabi,2025-08-17
CUST-10392,Matthew Dugar,wgera@example.org,3978375154,Dubai,2024-06-29
CUST-10393,Harinakshi Kunda,faqidlal@example.org,7655431487,Sharjah,2025-07-09
CUST-10394,Darsh Rana,advaith58@example.com,8740400326,Ajman,2026-06-12
CUST-10395,Yashoda Vasa,utkarsh32@example.com,+916675498897,Abu Dhabi,2025-09-09
CUST-10396,Hredhaan Venkataraman,ltank@example.net,05032556836,Ajman,2025-11-17
CUST-10397,Kamya Goda,cmutti@example.com,2131952170,Ajman,2025-08-18
CUST-10398,Bhavya Bose,nicholasoak@example.net,+919603308879,Dubai,2025-12-25
CUST-10399,Amara Shetty,yutika62@example.net,+919941323415,Abu Dhabi,2024-07-22
CUST-10400,Gunbir Iyengar,reyanshbhasin@example.org,6770971029,Ajman,2025-05-15
CUST-10401,Isaac Pandit,ghoshbalendra@example.org,05480049910,Abu Dhabi,2024-09-17
CUST-10402,Samarth Shankar,edash@example.org,4446138042,Sharjah,2025-11-12
CUST-10403,Ishanvi Bhandari,zbasu@example.org,05889469172,Ajman,2024-09-12
CUST-10404,Girik Mani,adass@example.net,+917130611209,Dubai,2025-01-24
CUST-10405,Ishaan Lata,oommenzinal@example.com,09058715565,Sharjah,2025-03-10
CUST-10406,Ishwar Kaul,zayyanborah@example.net,6352422670,Dubai,2025-11-29
CUST-10407,Bishakha Kalla,ozabalvan@example.org,7185345982,Dubai,2024-08-09
CUST-10408,Bina Ben,eiravati51@example.net,0226547781,Abu Dhabi,2025-02-06
CUST-10409,Girindra Chandran,akapadia@example.net,+911541871855,Sharjah,2025-09-22
CUST-10410,Gabriel Khosla,chowdhurytanveer@example.com,08206431750,Abu Dhabi,2024-10-14
CUST-10411,Bina Gupta,ekavir26@example.com,0384679245,Dubai,2026-01-16
CUST-10412,Nidhi Viswanathan,idika69@example.net,+917619031315,Dubai,2025-11-09
CUST-10413,Darika Bhargava,rachana22@example.org,0603683763,Ajman,2024-10-02
CUST-10414,Idika Sunder,manderadvik@example.com,06205549874,Ajman,2026-05-13
CUST-10415,Yahvi Kulkarni,sainijagrati@example.net,3260987595,Ajman,2024-08-11
CUST-10416,Ganga Subramanian,nagardayita@example.org,+910841005949,Abu Dhabi,2026-06-14
CUST-10417,Nicholas Batra,sachdevahredhaan@example.org,+913834034507,Sharjah,2025-04-26
CUST-10418,Bhavini Sheth,dewantara@example.net,05855413432,Sharjah,2025-01-07
CUST-10419,Wridesh Mann,mitradavid@example.net,+912329733685,Abu Dhabi,2025-08-02
CUST-10420,Vihaan Rama,xsathe@example.com,+910151610598,Dubai,2026-04-15
CUST-10421,Vamakshi Bose,girindrasingh@example.com,+912126846093,Abu Dhabi,2026-06-08
CUST-10422,Naveen Panchal,arinkala@example.org,+911420228960,Abu Dhabi,2025-08-13
CUST-10423,Chasmum Mital,batrajackson@example.net,+912096746269,Abu Dhabi,2025-08-07
CUST-10424,Dalbir Ratti,pallavibhagat@example.net,+914202055865,Abu Dhabi,2025-04-19
CUST-10425,Vansha Keer,eiravati26@example.com,1399763783,Dubai,2025-06-13
CUST-10426,Eshana Basu,parmarmitali@example.net,08246445382,Ajman,2024-12-19
CUST-10427,Aayush Ghose,mohantyliam@example.com,05775433141,Ajman,2026-06-06
CUST-10428,Shaurya Contractor,imaran93@example.org,+918592729868,Sharjah,2025-04-26
CUST-10429,Mitesh Pathak,tamanna95@example.com,01875205303,Dubai,2025-05-30
CUST-10430,Pallavi Gole,indrajitnarasimhan@example.com,8082978479,Dubai,2025-11-28
CUST-10431,Harsh Taneja,eesha14@example.net,0199037057,Abu Dhabi,2025-05-21
CUST-10432,Oscar Chadha,nagarajanridhi@example.com,7158402923,Ajman,2025-08-10
CUST-10433,Hemal Sekhon,lokenihal@example.org,02773657689,Abu Dhabi,2024-06-23
CUST-10434,Vansha Pandya,hardikdyal@example.org,+918317507892,Sharjah,2025-05-22
CUST-10435,Pranit Ramaswamy,madhav63@example.org,5762641994,Abu Dhabi,2025-01-21
CUST-10436,Amaira Narain,amruta26@example.com,+913467797252,Abu Dhabi,2024-09-04
CUST-10437,Radhika Sabharwal,fsoman@example.net,+912277729928,Sharjah,2024-12-20
CUST-10438,Yashawini Char,dev35@example.net,01833286950,Abu Dhabi,2024-11-12
CUST-10439,Neha Parmer,shauryasandal@example.com,9172918695,Ajman,2024-11-10
CUST-10440,Kritika Bhardwaj,anthonymallick@example.org,9100128063,Sharjah,2025-08-04
CUST-10441,Geetika Prashad,mahajanjanya@example.com,+912446201047,Sharjah,2025-09-16
CUST-10442,Fiyaz Patla,ksolanki@example.org,09451870075,Abu Dhabi,2025-09-17
CUST-10443,Udyati Rajan,triyadewan@example.org,+916107926074,Ajman,2026-06-10
CUST-10444,Utkarsh Saini,sarkarikshita@example.com,+916475468349,Abu Dhabi,2025-01-16
CUST-10445,Eshana Sawhney,babuladli@example.net,0995873740,Abu Dhabi,2025-12-30
CUST-10446,Nirja Mutti,christophersubramanian@example.com,09467938203,Sharjah,2025-09-25
CUST-10447,Amaira Dass,kauledhitha@example.com,8143543800,Abu Dhabi,2025-06-22
CUST-10448,Jairaj Pal,qnagarajan@example.com,03654176151,Dubai,2025-06-11
CUST-10449,Aarush Hayre,balhaar84@example.net,+918284854716,Sharjah,2025-11-01
CUST-10450,Veer Sagar,udantissac@example.com,1556808397,Dubai,2025-01-07
CUST-10451,Chatresh Malhotra,ahluwaliameghana@example.com,+911829678447,Dubai,2025-04-09
CUST-10452,Balvan Modi,yagnesh46@example.org,+916782634095,Dubai,2025-03-12
CUST-10453,Hema Khosla,ayaanraval@example.org,09558070298,Dubai,2024-07-10
CUST-10454,Lipika Sheth,rachitavarty@example.net,+912091175186,Dubai,2025-11-01
CUST-10455,Tripti Agrawal,kashishbedi@example.org,+918500834729,Sharjah,2024-09-23
CUST-10456,Ranveer Deo,jayaramanbrijesh@example.com,+915566980879,Ajman,2026-06-20
CUST-10457,Waida Singh,bdave@example.com,+918477617852,Abu Dhabi,2026-02-14
CUST-10458,Manthan Kanda,kaulcharles@example.org,+919077421667,Dubai,2024-09-02
CUST-10459,Laksh Walia,charlespanchal@example.org,1145413521,Dubai,2025-02-27
CUST-10460,Maanav Saha,gaurika69@example.org,+919553891434,Ajman,2025-05-17
CUST-10461,Isaiah Korpal,battakalpit@example.net,+918077005453,Abu Dhabi,2024-07-11
CUST-10462,Gayathri Yogi,chandreshbahl@example.org,08175712603,Abu Dhabi,2025-11-11
CUST-10463,Radha Dhawan,batrachaaya@example.com,7570725728,Sharjah,2025-07-17
CUST-10464,Aadi Singhal,akshay24@example.org,+918015178774,Ajman,2025-12-31
CUST-10465,Abhiram Varughese,bhattisai@example.com,+912176807494,Ajman,2025-08-27
CUST-10466,Ubika Sem,max93@example.org,00652802369,Abu Dhabi,2025-01-19
CUST-10467,Dayamai Nazareth,agoda@example.net,08393917937,Sharjah,2024-08-15
CUST-10468,Balhaar Dara,yoshita51@example.net,4346177996,Sharjah,2025-12-15
CUST-10469,Tamanna Deol,christophernanda@example.com,+911548629595,Ajman,2026-01-11
CUST-10470,Oviya Goyal,lmurthy@example.net,02984076226,Ajman,2025-08-15
CUST-10471,Aashi Garg,mbanik@example.net,+912993376293,Abu Dhabi,2024-09-10
CUST-10472,Jackson Bakshi,bakhshi41@example.net,2466964409,Ajman,2025-12-03
CUST-10473,Tanmayi Nagi,dakshapandya@example.net,7582757793,Sharjah,2025-08-23
CUST-10474,Nicholas Padmanabhan,meghana99@example.org,07152440020,Abu Dhabi,2025-04-22
CUST-10475,Omkaar Karpe,mandallila@example.org,4536044972,Sharjah,2024-08-03
CUST-10476,Chatresh Raja,vedika96@example.org,2744861679,Dubai,2026-04-02
CUST-10477,Lavanya Datta,gillhitesh@example.org,+916098786097,Abu Dhabi,2025-12-19
CUST-10478,Vritti Shenoy,ronith11@example.com,+914389031239,Dubai,2024-10-25
CUST-10479,Yashoda Ganesan,anusha67@example.org,4966101417,Ajman,2025-05-07
CUST-10480,Vihaan Yohannan,ojasvisharma@example.net,+918237167842,Dubai,2026-05-01
CUST-10481,Aashi Kapadia,okale@example.org,6986119891,Sharjah,2024-10-08
CUST-10482,Mahika Bal,vincentdhawan@example.com,0132007225,Abu Dhabi,2025-08-21
CUST-10483,Widisha Kale,oommenbalvan@example.org,+911849553028,Ajman,2025-05-05
CUST-10484,Andrew Tella,gsinha@example.com,0530181828,Sharjah,2024-09-22
CUST-10485,Abdul Raja,bgopal@example.com,00489238360,Abu Dhabi,2025-02-01
CUST-10486,Urvashi Cheema,qkalla@example.com,8253205630,Dubai,2024-11-24
CUST-10487,Eesha Sahni,rajyoshita@example.org,+911199414670,Ajman,2025-03-23
CUST-10488,Charvi Sekhon,adyaminhas@example.com,2125510542,Sharjah,2025-02-20
CUST-10489,Krishna Iyengar,goelgirindra@example.org,02113610792,Ajman,2026-05-20
CUST-10490,Atharv Sastry,umorar@example.org,2545816482,Dubai,2025-11-27
CUST-10491,Kavya Babu,varghesevyanjana@example.org,4145462193,Sharjah,2024-08-21
CUST-10492,Udarsh Bava,siddharthkata@example.net,01332063508,Dubai,2025-03-07
CUST-10493,Falguni Atwal,fvora@example.com,+910505372310,Ajman,2024-12-18
CUST-10494,Chanakya Acharya,jraman@example.com,+911910930206,Ajman,2025-09-30
CUST-10495,Wyatt Singhal,salviamrita@example.net,+913695939314,Abu Dhabi,2026-05-20
CUST-10496,Mohini Sagar,upadhritisabharwal@example.net,01674937062,Abu Dhabi,2026-04-26
CUST-10497,Aryan Desai,amrutasachdeva@example.net,08888654865,Ajman,2025-07-20
CUST-10498,Ira Gill,varsha52@example.net,9689172066,Ajman,2025-05-24
CUST-10499,Irya Desai,semkabir@example.org,07560063760,Dubai,2026-04-30
